{"auc": 0.9937150420900607, "precision": 0.989566825145272, "recall": 0.958093866508742, "confusion_matrix": [[146104, 1501], [6227, 142367]]}